DATAFLOW,LAST UPDATE,freq,unit,sex,age,geo,TIME_PERIOD,OBS_VALUE,OBS_FLAG
ESTAT:DEMO_R_D2JAN(1.0),08/06/23 23:00:00,A,NR,T,TOTAL,AT,2022,8978929,
ESTAT:DEMO_R_D2JAN(1.0),08/06/23 23:00:00,A,NR,T,TOTAL,AT1,2022,3927972,
ESTAT:DEMO_R_D2JAN(1.0),08/06/23 23:00:00,A,NR,T,TOTAL,AT11,2022,297583,
ESTAT:DEMO_R_D2JAN(1.0),08/06/23 23:00:00,A,NR,T,TOTAL,AT12,2022,1698796,
ESTAT:DEMO_R_D2JAN(1.0),08/06/23 23:00:00,A,NR,T,TOTAL,AT13,2022,1931593,
ESTAT:DEMO_R_D2JAN(1.0),08/06/23 23:00:00,A,NR,T,TOTAL,AT2,2022,1817435,
ESTAT:DEMO_R_D2JAN(1.0),08/06/23 23:00:00,A,NR,T,TOTAL,AT21,2022,564513,
ESTAT:DEMO_R_D2JAN(1.0),08/06/23 23:00:00,A,NR,T,TOTAL,AT22,2022,1252922,
ESTAT:DEMO_R_D2JAN(1.0),08/06/23 23:00:00,A,NR,T,TOTAL,AT3,2022,3233522,
ESTAT:DEMO_R_D2JAN(1.0),08/06/23 23:00:00,A,NR,T,TOTAL,AT31,2022,1505140,
ESTAT:DEMO_R_D2JAN(1.0),08/06/23 23:00:00,A,NR,T,TOTAL,AT32,2022,562606,
ESTAT:DEMO_R_D2JAN(1.0),08/06/23 23:00:00,A,NR,T,TOTAL,AT33,2022,764102,
ESTAT:DEMO_R_D2JAN(1.0),08/06/23 23:00:00,A,NR,T,TOTAL,AT34,2022,401674,
ESTAT:DEMO_R_D2JAN(1.0),08/06/23 23:00:00,A,NR,T,TOTAL,BE,2022,11617623,
ESTAT:DEMO_R_D2JAN(1.0),08/06/23 23:00:00,A,NR,T,TOTAL,BE1,2022,1228655,
ESTAT:DEMO_R_D2JAN(1.0),08/06/23 23:00:00,A,NR,T,TOTAL,BE10,2022,1228655,
ESTAT:DEMO_R_D2JAN(1.0),08/06/23 23:00:00,A,NR,T,TOTAL,BE2,2022,6709787,
ESTAT:DEMO_R_D2JAN(1.0),08/06/23 23:00:00,A,NR,T,TOTAL,BE21,2022,1890627,
ESTAT:DEMO_R_D2JAN(1.0),08/06/23 23:00:00,A,NR,T,TOTAL,BE22,2022,888913,
ESTAT:DEMO_R_D2JAN(1.0),08/06/23 23:00:00,A,NR,T,TOTAL,BE23,2022,1545469,
ESTAT:DEMO_R_D2JAN(1.0),08/06/23 23:00:00,A,NR,T,TOTAL,BE24,2022,1173956,
ESTAT:DEMO_R_D2JAN(1.0),08/06/23 23:00:00,A,NR,T,TOTAL,BE25,2022,1210822,
ESTAT:DEMO_R_D2JAN(1.0),08/06/23 23:00:00,A,NR,T,TOTAL,BE3,2022,3679181,
ESTAT:DEMO_R_D2JAN(1.0),08/06/23 23:00:00,A,NR,T,TOTAL,BE31,2022,410619,
ESTAT:DEMO_R_D2JAN(1.0),08/06/23 23:00:00,A,NR,T,TOTAL,BE32,2022,1354667,
ESTAT:DEMO_R_D2JAN(1.0),08/06/23 23:00:00,A,NR,T,TOTAL,BE33,2022,1116087,
ESTAT:DEMO_R_D2JAN(1.0),08/06/23 23:00:00,A,NR,T,TOTAL,BE34,2022,294400,
ESTAT:DEMO_R_D2JAN(1.0),08/06/23 23:00:00,A,NR,T,TOTAL,BE35,2022,503408,
ESTAT:DEMO_R_D2JAN(1.0),08/06/23 23:00:00,A,NR,T,TOTAL,BG,2022,6838937,
ESTAT:DEMO_R_D2JAN(1.0),08/06/23 23:00:00,A,NR,T,TOTAL,BG3,2022,3377299,
ESTAT:DEMO_R_D2JAN(1.0),08/06/23 23:00:00,A,NR,T,TOTAL,BG31,2022,702773,
ESTAT:DEMO_R_D2JAN(1.0),08/06/23 23:00:00,A,NR,T,TOTAL,BG32,2022,750795,
ESTAT:DEMO_R_D2JAN(1.0),08/06/23 23:00:00,A,NR,T,TOTAL,BG33,2022,913468,
ESTAT:DEMO_R_D2JAN(1.0),08/06/23 23:00:00,A,NR,T,TOTAL,BG34,2022,1010263,
ESTAT:DEMO_R_D2JAN(1.0),08/06/23 23:00:00,A,NR,T,TOTAL,BG4,2022,3461638,
ESTAT:DEMO_R_D2JAN(1.0),08/06/23 23:00:00,A,NR,T,TOTAL,BG41,2022,2070760,
ESTAT:DEMO_R_D2JAN(1.0),08/06/23 23:00:00,A,NR,T,TOTAL,BG42,2022,1390878,
ESTAT:DEMO_R_D2JAN(1.0),08/06/23 23:00:00,A,NR,T,TOTAL,CH,2022,8738791,
ESTAT:DEMO_R_D2JAN(1.0),08/06/23 23:00:00,A,NR,T,TOTAL,CH0,2022,8738791,
ESTAT:DEMO_R_D2JAN(1.0),08/06/23 23:00:00,A,NR,T,TOTAL,CH01,2022,1685625,
ESTAT:DEMO_R_D2JAN(1.0),08/06/23 23:00:00,A,NR,T,TOTAL,CH02,2022,1907491,
ESTAT:DEMO_R_D2JAN(1.0),08/06/23 23:00:00,A,NR,T,TOTAL,CH03,2022,1191939,
ESTAT:DEMO_R_D2JAN(1.0),08/06/23 23:00:00,A,NR,T,TOTAL,CH04,2022,1564662,
ESTAT:DEMO_R_D2JAN(1.0),08/06/23 23:00:00,A,NR,T,TOTAL,CH05,2022,1203715,
ESTAT:DEMO_R_D2JAN(1.0),08/06/23 23:00:00,A,NR,T,TOTAL,CH06,2022,833178,
ESTAT:DEMO_R_D2JAN(1.0),08/06/23 23:00:00,A,NR,T,TOTAL,CH07,2022,352181,
ESTAT:DEMO_R_D2JAN(1.0),08/06/23 23:00:00,A,NR,T,TOTAL,CY,2022,904705,
ESTAT:DEMO_R_D2JAN(1.0),08/06/23 23:00:00,A,NR,T,TOTAL,CY0,2022,904705,
ESTAT:DEMO_R_D2JAN(1.0),08/06/23 23:00:00,A,NR,T,TOTAL,CY00,2022,904705,
ESTAT:DEMO_R_D2JAN(1.0),08/06/23 23:00:00,A,NR,T,TOTAL,CZ,2022,10516707,b
ESTAT:DEMO_R_D2JAN(1.0),08/06/23 23:00:00,A,NR,T,TOTAL,CZ0,2022,10516707,b
ESTAT:DEMO_R_D2JAN(1.0),08/06/23 23:00:00,A,NR,T,TOTAL,CZ01,2022,1275406,b
ESTAT:DEMO_R_D2JAN(1.0),08/06/23 23:00:00,A,NR,T,TOTAL,CZ02,2022,1386824,b
ESTAT:DEMO_R_D2JAN(1.0),08/06/23 23:00:00,A,NR,T,TOTAL,CZ03,2022,1215754,b
ESTAT:DEMO_R_D2JAN(1.0),08/06/23 23:00:00,A,NR,T,TOTAL,CZ04,2022,1082108,b
ESTAT:DEMO_R_D2JAN(1.0),08/06/23 23:00:00,A,NR,T,TOTAL,CZ05,2022,1494671,b
ESTAT:DEMO_R_D2JAN(1.0),08/06/23 23:00:00,A,NR,T,TOTAL,CZ06,2022,1688593,b
ESTAT:DEMO_R_D2JAN(1.0),08/06/23 23:00:00,A,NR,T,TOTAL,CZ07,2022,1195362,b
ESTAT:DEMO_R_D2JAN(1.0),08/06/23 23:00:00,A,NR,T,TOTAL,CZ08,2022,1177989,b
ESTAT:DEMO_R_D2JAN(1.0),08/06/23 23:00:00,A,NR,T,TOTAL,DE,2022,83237124,
ESTAT:DEMO_R_D2JAN(1.0),08/06/23 23:00:00,A,NR,T,TOTAL,DE1,2022,11124642,
ESTAT:DEMO_R_D2JAN(1.0),08/06/23 23:00:00,A,NR,T,TOTAL,DE11,2022,4150949,
ESTAT:DEMO_R_D2JAN(1.0),08/06/23 23:00:00,A,NR,T,TOTAL,DE12,2022,2812482,
ESTAT:DEMO_R_D2JAN(1.0),08/06/23 23:00:00,A,NR,T,TOTAL,DE13,2022,2285156,
ESTAT:DEMO_R_D2JAN(1.0),08/06/23 23:00:00,A,NR,T,TOTAL,DE14,2022,1876055,
ESTAT:DEMO_R_D2JAN(1.0),08/06/23 23:00:00,A,NR,T,TOTAL,DE2,2022,13176989,
ESTAT:DEMO_R_D2JAN(1.0),08/06/23 23:00:00,A,NR,T,TOTAL,DE21,2022,4729243,
ESTAT:DEMO_R_D2JAN(1.0),08/06/23 23:00:00,A,NR,T,TOTAL,DE22,2022,1253441,
ESTAT:DEMO_R_D2JAN(1.0),08/06/23 23:00:00,A,NR,T,TOTAL,DE23,2022,1116741,
ESTAT:DEMO_R_D2JAN(1.0),08/06/23 23:00:00,A,NR,T,TOTAL,DE24,2022,1061929,
ESTAT:DEMO_R_D2JAN(1.0),08/06/23 23:00:00,A,NR,T,TOTAL,DE25,2022,1777143,
ESTAT:DEMO_R_D2JAN(1.0),08/06/23 23:00:00,A,NR,T,TOTAL,DE26,2022,1320513,
ESTAT:DEMO_R_D2JAN(1.0),08/06/23 23:00:00,A,NR,T,TOTAL,DE27,2022,1917979,
ESTAT:DEMO_R_D2JAN(1.0),08/06/23 23:00:00,A,NR,T,TOTAL,DE3,2022,3677472,
ESTAT:DEMO_R_D2JAN(1.0),08/06/23 23:00:00,A,NR,T,TOTAL,DE30,2022,3677472,
ESTAT:DEMO_R_D2JAN(1.0),08/06/23 23:00:00,A,NR,T,TOTAL,DE4,2022,2537868,
ESTAT:DEMO_R_D2JAN(1.0),08/06/23 23:00:00,A,NR,T,TOTAL,DE40,2022,2537868,
ESTAT:DEMO_R_D2JAN(1.0),08/06/23 23:00:00,A,NR,T,TOTAL,DE5,2022,676463,
ESTAT:DEMO_R_D2JAN(1.0),08/06/23 23:00:00,A,NR,T,TOTAL,DE50,2022,676463,
ESTAT:DEMO_R_D2JAN(1.0),08/06/23 23:00:00,A,NR,T,TOTAL,DE6,2022,1853935,
ESTAT:DEMO_R_D2JAN(1.0),08/06/23 23:00:00,A,NR,T,TOTAL,DE60,2022,1853935,
ESTAT:DEMO_R_D2JAN(1.0),08/06/23 23:00:00,A,NR,T,TOTAL,DE7,2022,6295017,
ESTAT:DEMO_R_D2JAN(1.0),08/06/23 23:00:00,A,NR,T,TOTAL,DE71,2022,4026564,
ESTAT:DEMO_R_D2JAN(1.0),08/06/23 23:00:00,A,NR,T,TOTAL,DE72,2022,1050765,
ESTAT:DEMO_R_D2JAN(1.0),08/06/23 23:00:00,A,NR,T,TOTAL,DE73,2022,1217688,
ESTAT:DEMO_R_D2JAN(1.0),08/06/23 23:00:00,A,NR,T,TOTAL,DE8,2022,1611160,
ESTAT:DEMO_R_D2JAN(1.0),08/06/23 23:00:00,A,NR,T,TOTAL,DE80,2022,1611160,
ESTAT:DEMO_R_D2JAN(1.0),08/06/23 23:00:00,A,NR,T,TOTAL,DE9,2022,8027031,
ESTAT:DEMO_R_D2JAN(1.0),08/06/23 23:00:00,A,NR,T,TOTAL,DE91,2022,1591424,
ESTAT:DEMO_R_D2JAN(1.0),08/06/23 23:00:00,A,NR,T,TOTAL,DE92,2022,2149859,
ESTAT:DEMO_R_D2JAN(1.0),08/06/23 23:00:00,A,NR,T,TOTAL,DE93,2022,1731531,
ESTAT:DEMO_R_D2JAN(1.0),08/06/23 23:00:00,A,NR,T,TOTAL,DE94,2022,2554217,
ESTAT:DEMO_R_D2JAN(1.0),08/06/23 23:00:00,A,NR,T,TOTAL,DEA,2022,17924591,
ESTAT:DEMO_R_D2JAN(1.0),08/06/23 23:00:00,A,NR,T,TOTAL,DEA1,2022,5197679,
ESTAT:DEMO_R_D2JAN(1.0),08/06/23 23:00:00,A,NR,T,TOTAL,DEA2,2022,4472956,
ESTAT:DEMO_R_D2JAN(1.0),08/06/23 23:00:00,A,NR,T,TOTAL,DEA3,2022,2631237,
ESTAT:DEMO_R_D2JAN(1.0),08/06/23 23:00:00,A,NR,T,TOTAL,DEA4,2022,2057480,
ESTAT:DEMO_R_D2JAN(1.0),08/06/23 23:00:00,A,NR,T,TOTAL,DEA5,2022,3565239,
ESTAT:DEMO_R_D2JAN(1.0),08/06/23 23:00:00,A,NR,T,TOTAL,DEB,2022,4106485,
ESTAT:DEMO_R_D2JAN(1.0),08/06/23 23:00:00,A,NR,T,TOTAL,DEB1,2022,1503189,
ESTAT:DEMO_R_D2JAN(1.0),08/06/23 23:00:00,A,NR,T,TOTAL,DEB2,2022,536772,
ESTAT:DEMO_R_D2JAN(1.0),08/06/23 23:00:00,A,NR,T,TOTAL,DEB3,2022,2066524,
ESTAT:DEMO_R_D2JAN(1.0),08/06/23 23:00:00,A,NR,T,TOTAL,DEC,2022,982348,
ESTAT:DEMO_R_D2JAN(1.0),08/06/23 23:00:00,A,NR,T,TOTAL,DEC0,2022,982348,
ESTAT:DEMO_R_D2JAN(1.0),08/06/23 23:00:00,A,NR,T,TOTAL,DED,2022,4043002,
ESTAT:DEMO_R_D2JAN(1.0),08/06/23 23:00:00,A,NR,T,TOTAL,DED2,2022,1583267,
ESTAT:DEMO_R_D2JAN(1.0),08/06/23 23:00:00,A,NR,T,TOTAL,DED4,2022,1402126,
ESTAT:DEMO_R_D2JAN(1.0),08/06/23 23:00:00,A,NR,T,TOTAL,DED5,2022,1057609,
ESTAT:DEMO_R_D2JAN(1.0),08/06/23 23:00:00,A,NR,T,TOTAL,DEE,2022,2169253,
ESTAT:DEMO_R_D2JAN(1.0),08/06/23 23:00:00,A,NR,T,TOTAL,DEE0,2022,2169253,
ESTAT:DEMO_R_D2JAN(1.0),08/06/23 23:00:00,A,NR,T,TOTAL,DEF,2022,2922005,
ESTAT:DEMO_R_D2JAN(1.0),08/06/23 23:00:00,A,NR,T,TOTAL,DEF0,2022,2922005,
ESTAT:DEMO_R_D2JAN(1.0),08/06/23 23:00:00,A,NR,T,TOTAL,DEG,2022,2108863,
ESTAT:DEMO_R_D2JAN(1.0),08/06/23 23:00:00,A,NR,T,TOTAL,DEG0,2022,2108863,
ESTAT:DEMO_R_D2JAN(1.0),08/06/23 23:00:00,A,NR,T,TOTAL,DK,2022,5873420,
ESTAT:DEMO_R_D2JAN(1.0),08/06/23 23:00:00,A,NR,T,TOTAL,DK0,2022,5873420,
ESTAT:DEMO_R_D2JAN(1.0),08/06/23 23:00:00,A,NR,T,TOTAL,DK01,2022,1867948,
ESTAT:DEMO_R_D2JAN(1.0),08/06/23 23:00:00,A,NR,T,TOTAL,DK02,2022,843513,
ESTAT:DEMO_R_D2JAN(1.0),08/06/23 23:00:00,A,NR,T,TOTAL,DK03,2022,1228362,
ESTAT:DEMO_R_D2JAN(1.0),08/06/23 23:00:00,A,NR,T,TOTAL,DK04,2022,1341857,
ESTAT:DEMO_R_D2JAN(1.0),08/06/23 23:00:00,A,NR,T,TOTAL,DK05,2022,591740,
ESTAT:DEMO_R_D2JAN(1.0),08/06/23 23:00:00,A,NR,T,TOTAL,EE,2022,1331796,
ESTAT:DEMO_R_D2JAN(1.0),08/06/23 23:00:00,A,NR,T,TOTAL,EE0,2022,1331796,
ESTAT:DEMO_R_D2JAN(1.0),08/06/23 23:00:00,A,NR,T,TOTAL,EE00,2022,1331796,
ESTAT:DEMO_R_D2JAN(1.0),08/06/23 23:00:00,A,NR,T,TOTAL,EL,2022,10459782,b
ESTAT:DEMO_R_D2JAN(1.0),08/06/23 23:00:00,A,NR,T,TOTAL,EL3,2022,3806550,b
ESTAT:DEMO_R_D2JAN(1.0),08/06/23 23:00:00,A,NR,T,TOTAL,EL30,2022,3806550,b
ESTAT:DEMO_R_D2JAN(1.0),08/06/23 23:00:00,A,NR,T,TOTAL,EL4,2022,1146379,b
ESTAT:DEMO_R_D2JAN(1.0),08/06/23 23:00:00,A,NR,T,TOTAL,EL41,2022,195229,b
ESTAT:DEMO_R_D2JAN(1.0),08/06/23 23:00:00,A,NR,T,TOTAL,EL42,2022,327517,b
ESTAT:DEMO_R_D2JAN(1.0),08/06/23 23:00:00,A,NR,T,TOTAL,EL43,2022,623633,b
ESTAT:DEMO_R_D2JAN(1.0),08/06/23 23:00:00,A,NR,T,TOTAL,EL5,2022,2924672,b
ESTAT:DEMO_R_D2JAN(1.0),08/06/23 23:00:00,A,NR,T,TOTAL,EL51,2022,560826,b
ESTAT:DEMO_R_D2JAN(1.0),08/06/23 23:00:00,A,NR,T,TOTAL,EL52,2022,1790686,b
ESTAT:DEMO_R_D2JAN(1.0),08/06/23 23:00:00,A,NR,T,TOTAL,EL53,2022,253954,b
ESTAT:DEMO_R_D2JAN(1.0),08/06/23 23:00:00,A,NR,T,TOTAL,EL54,2022,319206,b
ESTAT:DEMO_R_D2JAN(1.0),08/06/23 23:00:00,A,NR,T,TOTAL,EL6,2022,2582181,b
ESTAT:DEMO_R_D2JAN(1.0),08/06/23 23:00:00,A,NR,T,TOTAL,EL61,2022,686344,b
ESTAT:DEMO_R_D2JAN(1.0),08/06/23 23:00:00,A,NR,T,TOTAL,EL62,2022,204081,b
ESTAT:DEMO_R_D2JAN(1.0),08/06/23 23:00:00,A,NR,T,TOTAL,EL63,2022,646621,b
ESTAT:DEMO_R_D2JAN(1.0),08/06/23 23:00:00,A,NR,T,TOTAL,EL64,2022,507072,b
ESTAT:DEMO_R_D2JAN(1.0),08/06/23 23:00:00,A,NR,T,TOTAL,EL65,2022,538063,b
ESTAT:DEMO_R_D2JAN(1.0),08/06/23 23:00:00,A,NR,T,TOTAL,ES,2022,47432893,
ESTAT:DEMO_R_D2JAN(1.0),08/06/23 23:00:00,A,NR,T,TOTAL,ES1,2022,4282058,
ESTAT:DEMO_R_D2JAN(1.0),08/06/23 23:00:00,A,NR,T,TOTAL,ES11,2022,2691456,
ESTAT:DEMO_R_D2JAN(1.0),08/06/23 23:00:00,A,NR,T,TOTAL,ES12,2022,1006234,
ESTAT:DEMO_R_D2JAN(1.0),08/06/23 23:00:00,A,NR,T,TOTAL,ES13,2022,584368,
ESTAT:DEMO_R_D2JAN(1.0),08/06/23 23:00:00,A,NR,T,TOTAL,ES2,2022,4466148,
ESTAT:DEMO_R_D2JAN(1.0),08/06/23 23:00:00,A,NR,T,TOTAL,ES21,2022,2176918,
ESTAT:DEMO_R_D2JAN(1.0),08/06/23 23:00:00,A,NR,T,TOTAL,ES22,2022,659155,
ESTAT:DEMO_R_D2JAN(1.0),08/06/23 23:00:00,A,NR,T,TOTAL,ES23,2022,315916,
ESTAT:DEMO_R_D2JAN(1.0),08/06/23 23:00:00,A,NR,T,TOTAL,ES24,2022,1314159,
ESTAT:DEMO_R_D2JAN(1.0),08/06/23 23:00:00,A,NR,T,TOTAL,ES3,2022,6769373,
ESTAT:DEMO_R_D2JAN(1.0),08/06/23 23:00:00,A,NR,T,TOTAL,ES30,2022,6769373,
ESTAT:DEMO_R_D2JAN(1.0),08/06/23 23:00:00,A,NR,T,TOTAL,ES4,2022,5479984,
ESTAT:DEMO_R_D2JAN(1.0),08/06/23 23:00:00,A,NR,T,TOTAL,ES41,2022,2376687,
ESTAT:DEMO_R_D2JAN(1.0),08/06/23 23:00:00,A,NR,T,TOTAL,ES42,2022,2049980,
ESTAT:DEMO_R_D2JAN(1.0),08/06/23 23:00:00,A,NR,T,TOTAL,ES43,2022,1053317,
ESTAT:DEMO_R_D2JAN(1.0),08/06/23 23:00:00,A,NR,T,TOTAL,ES5,2022,13975722,
ESTAT:DEMO_R_D2JAN(1.0),08/06/23 23:00:00,A,NR,T,TOTAL,ES51,2022,7679192,
ESTAT:DEMO_R_D2JAN(1.0),08/06/23 23:00:00,A,NR,T,TOTAL,ES52,2022,5072550,
ESTAT:DEMO_R_D2JAN(1.0),08/06/23 23:00:00,A,NR,T,TOTAL,ES53,2022,1223980,
ESTAT:DEMO_R_D2JAN(1.0),08/06/23 23:00:00,A,NR,T,TOTAL,ES6,2022,10207371,
ESTAT:DEMO_R_D2JAN(1.0),08/06/23 23:00:00,A,NR,T,TOTAL,ES61,2022,8519106,
ESTAT:DEMO_R_D2JAN(1.0),08/06/23 23:00:00,A,NR,T,TOTAL,ES62,2022,1522516,
ESTAT:DEMO_R_D2JAN(1.0),08/06/23 23:00:00,A,NR,T,TOTAL,ES63,2022,82513,
ESTAT:DEMO_R_D2JAN(1.0),08/06/23 23:00:00,A,NR,T,TOTAL,ES64,2022,83236,
ESTAT:DEMO_R_D2JAN(1.0),08/06/23 23:00:00,A,NR,T,TOTAL,ES7,2022,2252237,
ESTAT:DEMO_R_D2JAN(1.0),08/06/23 23:00:00,A,NR,T,TOTAL,ES70,2022,2252237,
ESTAT:DEMO_R_D2JAN(1.0),08/06/23 23:00:00,A,NR,T,TOTAL,EU27_2020,2022,446735291,bep
ESTAT:DEMO_R_D2JAN(1.0),08/06/23 23:00:00,A,NR,T,TOTAL,FI,2022,5548241,
ESTAT:DEMO_R_D2JAN(1.0),08/06/23 23:00:00,A,NR,T,TOTAL,FI1,2022,5517897,
ESTAT:DEMO_R_D2JAN(1.0),08/06/23 23:00:00,A,NR,T,TOTAL,FI19,2022,1382245,
ESTAT:DEMO_R_D2JAN(1.0),08/06/23 23:00:00,A,NR,T,TOTAL,FI1B,2022,1714741,
ESTAT:DEMO_R_D2JAN(1.0),08/06/23 23:00:00,A,NR,T,TOTAL,FI1C,2022,1146312,
ESTAT:DEMO_R_D2JAN(1.0),08/06/23 23:00:00,A,NR,T,TOTAL,FI1D,2022,1274599,
ESTAT:DEMO_R_D2JAN(1.0),08/06/23 23:00:00,A,NR,T,TOTAL,FI2,2022,30344,
ESTAT:DEMO_R_D2JAN(1.0),08/06/23 23:00:00,A,NR,T,TOTAL,FI20,2022,30344,
ESTAT:DEMO_R_D2JAN(1.0),08/06/23 23:00:00,A,NR,T,TOTAL,FR,2022,67871925,p
ESTAT:DEMO_R_D2JAN(1.0),08/06/23 23:00:00,A,NR,T,TOTAL,FR1,2022,12329432,p
ESTAT:DEMO_R_D2JAN(1.0),08/06/23 23:00:00,A,NR,T,TOTAL,FR10,2022,12329432,p
ESTAT:DEMO_R_D2JAN(1.0),08/06/23 23:00:00,A,NR,T,TOTAL,FRB,2022,2572636,p
ESTAT:DEMO_R_D2JAN(1.0),08/06/23 23:00:00,A,NR,T,TOTAL,FRB0,2022,2572636,p
ESTAT:DEMO_R_D2JAN(1.0),08/06/23 23:00:00,A,NR,T,TOTAL,FRC,2022,2791006,p
ESTAT:DEMO_R_D2JAN(1.0),08/06/23 23:00:00,A,NR,T,TOTAL,FRC1,2022,1614708,p
ESTAT:DEMO_R_D2JAN(1.0),08/06/23 23:00:00,A,NR,T,TOTAL,FRC2,2022,1176298,p
ESTAT:DEMO_R_D2JAN(1.0),08/06/23 23:00:00,A,NR,T,TOTAL,FRD,2022,3319743,p
ESTAT:DEMO_R_D2JAN(1.0),08/06/23 23:00:00,A,NR,T,TOTAL,FRD1,2022,1468032,p
ESTAT:DEMO_R_D2JAN(1.0),08/06/23 23:00:00,A,NR,T,TOTAL,FRD2,2022,1851711,p
ESTAT:DEMO_R_D2JAN(1.0),08/06/23 23:00:00,A,NR,T,TOTAL,FRE,2022,5985483,p
ESTAT:DEMO_R_D2JAN(1.0),08/06/23 23:00:00,A,NR,T,TOTAL,FRE1,2022,4063753,p
ESTAT:DEMO_R_D2JAN(1.0),08/06/23 23:00:00,A,NR,T,TOTAL,FRE2,2022,1921730,p
ESTAT:DEMO_R_D2JAN(1.0),08/06/23 23:00:00,A,NR,T,TOTAL,FRF,2022,5561482,p
ESTAT:DEMO_R_D2JAN(1.0),08/06/23 23:00:00,A,NR,T,TOTAL,FRF1,2022,1930273,p
ESTAT:DEMO_R_D2JAN(1.0),08/06/23 23:00:00,A,NR,T,TOTAL,FRF2,2022,1312778,p
ESTAT:DEMO_R_D2JAN(1.0),08/06/23 23:00:00,A,NR,T,TOTAL,FRF3,2022,2318431,p
ESTAT:DEMO_R_D2JAN(1.0),08/06/23 23:00:00,A,NR,T,TOTAL,FRG,2022,3882895,p
ESTAT:DEMO_R_D2JAN(1.0),08/06/23 23:00:00,A,NR,T,TOTAL,FRG0,2022,3882895,p
ESTAT:DEMO_R_D2JAN(1.0),08/06/23 23:00:00,A,NR,T,TOTAL,FRH,2022,3412207,p
ESTAT:DEMO_R_D2JAN(1.0),08/06/23 23:00:00,A,NR,T,TOTAL,FRH0,2022,3412207,p
ESTAT:DEMO_R_D2JAN(1.0),08/06/23 23:00:00,A,NR,T,TOTAL,FRI,2022,6086584,p
ESTAT:DEMO_R_D2JAN(1.0),08/06/23 23:00:00,A,NR,T,TOTAL,FRI1,2022,3534811,p
ESTAT:DEMO_R_D2JAN(1.0),08/06/23 23:00:00,A,NR,T,TOTAL,FRI2,2022,722658,p
ESTAT:DEMO_R_D2JAN(1.0),08/06/23 23:00:00,A,NR,T,TOTAL,FRI3,2022,1829115,p
ESTAT:DEMO_R_D2JAN(1.0),08/06/23 23:00:00,A,NR,T,TOTAL,FRJ,2022,6060331,p
ESTAT:DEMO_R_D2JAN(1.0),08/06/23 23:00:00,A,NR,T,TOTAL,FRJ1,2022,2917252,p
ESTAT:DEMO_R_D2JAN(1.0),08/06/23 23:00:00,A,NR,T,TOTAL,FRJ2,2022,3143079,p
ESTAT:DEMO_R_D2JAN(1.0),08/06/23 23:00:00,A,NR,T,TOTAL,FRK,2022,8156391,p
ESTAT:DEMO_R_D2JAN(1.0),08/06/23 23:00:00,A,NR,T,TOTAL,FRK1,2022,1371196,p
ESTAT:DEMO_R_D2JAN(1.0),08/06/23 23:00:00,A,NR,T,TOTAL,FRK2,2022,6785195,p
ESTAT:DEMO_R_D2JAN(1.0),08/06/23 23:00:00,A,NR,T,TOTAL,FRL,2022,5139817,p
ESTAT:DEMO_R_D2JAN(1.0),08/06/23 23:00:00,A,NR,T,TOTAL,FRL0,2022,5139817,p
ESTAT:DEMO_R_D2JAN(1.0),08/06/23 23:00:00,A,NR,T,TOTAL,FRM,2022,348830,p
ESTAT:DEMO_R_D2JAN(1.0),08/06/23 23:00:00,A,NR,T,TOTAL,FRM0,2022,348830,p
ESTAT:DEMO_R_D2JAN(1.0),08/06/23 23:00:00,A,NR,T,TOTAL,FRY,2022,2225088,p
ESTAT:DEMO_R_D2JAN(1.0),08/06/23 23:00:00,A,NR,T,TOTAL,FRY1,2022,407810,p
ESTAT:DEMO_R_D2JAN(1.0),08/06/23 23:00:00,A,NR,T,TOTAL,FRY2,2022,352205,p
ESTAT:DEMO_R_D2JAN(1.0),08/06/23 23:00:00,A,NR,T,TOTAL,FRY3,2022,296058,p
ESTAT:DEMO_R_D2JAN(1.0),08/06/23 23:00:00,A,NR,T,TOTAL,FRY4,2022,869993,p
ESTAT:DEMO_R_D2JAN(1.0),08/06/23 23:00:00,A,NR,T,TOTAL,FRY5,2022,299022,p
ESTAT:DEMO_R_D2JAN(1.0),08/06/23 23:00:00,A,NR,T,TOTAL,HR,2022,3862305,b
ESTAT:DEMO_R_D2JAN(1.0),08/06/23 23:00:00,A,NR,T,TOTAL,HR0,2022,3862305,b
ESTAT:DEMO_R_D2JAN(1.0),08/06/23 23:00:00,A,NR,T,TOTAL,HR02,2022,1013572,b
ESTAT:DEMO_R_D2JAN(1.0),08/06/23 23:00:00,A,NR,T,TOTAL,HR03,2022,1296210,b
ESTAT:DEMO_R_D2JAN(1.0),08/06/23 23:00:00,A,NR,T,TOTAL,HR05,2022,766824,b
ESTAT:DEMO_R_D2JAN(1.0),08/06/23 23:00:00,A,NR,T,TOTAL,HR06,2022,785699,b
ESTAT:DEMO_R_D2JAN(1.0),08/06/23 23:00:00,A,NR,T,TOTAL,HU,2022,9689010,
ESTAT:DEMO_R_D2JAN(1.0),08/06/23 23:00:00,A,NR,T,TOTAL,HU1,2022,3031887,
ESTAT:DEMO_R_D2JAN(1.0),08/06/23 23:00:00,A,NR,T,TOTAL,HU11,2022,1706851,
ESTAT:DEMO_R_D2JAN(1.0),08/06/23 23:00:00,A,NR,T,TOTAL,HU12,2022,1325036,
ESTAT:DEMO_R_D2JAN(1.0),08/06/23 23:00:00,A,NR,T,TOTAL,HU2,2022,2917713,
ESTAT:DEMO_R_D2JAN(1.0),08/06/23 23:00:00,A,NR,T,TOTAL,HU21,2022,1056295,
ESTAT:DEMO_R_D2JAN(1.0),08/06/23 23:00:00,A,NR,T,TOTAL,HU22,2022,997119,
ESTAT:DEMO_R_D2JAN(1.0),08/06/23 23:00:00,A,NR,T,TOTAL,HU23,2022,864299,
ESTAT:DEMO_R_D2JAN(1.0),08/06/23 23:00:00,A,NR,T,TOTAL,HU3,2022,3739410,
ESTAT:DEMO_R_D2JAN(1.0),08/06/23 23:00:00,A,NR,T,TOTAL,HU31,2022,1102064,
ESTAT:DEMO_R_D2JAN(1.0),08/06/23 23:00:00,A,NR,T,TOTAL,HU32,2022,1423751,
ESTAT:DEMO_R_D2JAN(1.0),08/06/23 23:00:00,A,NR,T,TOTAL,HU33,2022,1213595,
ESTAT:DEMO_R_D2JAN(1.0),08/06/23 23:00:00,A,NR,T,TOTAL,IE,2022,5060004,
ESTAT:DEMO_R_D2JAN(1.0),08/06/23 23:00:00,A,NR,T,TOTAL,IE0,2022,5060004,
ESTAT:DEMO_R_D2JAN(1.0),08/06/23 23:00:00,A,NR,T,TOTAL,IE04,2022,894601,
ESTAT:DEMO_R_D2JAN(1.0),08/06/23 23:00:00,A,NR,T,TOTAL,IE05,2022,1670658,
ESTAT:DEMO_R_D2JAN(1.0),08/06/23 23:00:00,A,NR,T,TOTAL,IE06,2022,2494745,
ESTAT:DEMO_R_D2JAN(1.0),08/06/23 23:00:00,A,NR,T,TOTAL,IS,2022,376248,
ESTAT:DEMO_R_D2JAN(1.0),08/06/23 23:00:00,A,NR,T,TOTAL,IS0,2022,376248,
ESTAT:DEMO_R_D2JAN(1.0),08/06/23 23:00:00,A,NR,T,TOTAL,IS00,2022,376248,
ESTAT:DEMO_R_D2JAN(1.0),08/06/23 23:00:00,A,NR,T,TOTAL,IT,2022,59030133,
ESTAT:DEMO_R_D2JAN(1.0),08/06/23 23:00:00,A,NR,T,TOTAL,ITC,2022,15831941,
ESTAT:DEMO_R_D2JAN(1.0),08/06/23 23:00:00,A,NR,T,TOTAL,ITC1,2022,4256350,
ESTAT:DEMO_R_D2JAN(1.0),08/06/23 23:00:00,A,NR,T,TOTAL,ITC2,2022,123360,
ESTAT:DEMO_R_D2JAN(1.0),08/06/23 23:00:00,A,NR,T,TOTAL,ITC3,2022,1509227,
ESTAT:DEMO_R_D2JAN(1.0),08/06/23 23:00:00,A,NR,T,TOTAL,ITC4,2022,9943004,
ESTAT:DEMO_R_D2JAN(1.0),08/06/23 23:00:00,A,NR,T,TOTAL,ITF,2022,13512083,
ESTAT:DEMO_R_D2JAN(1.0),08/06/23 23:00:00,A,NR,T,TOTAL,ITF1,2022,1275950,
ESTAT:DEMO_R_D2JAN(1.0),08/06/23 23:00:00,A,NR,T,TOTAL,ITF2,2022,292150,
ESTAT:DEMO_R_D2JAN(1.0),08/06/23 23:00:00,A,NR,T,TOTAL,ITF3,2022,5624420,
ESTAT:DEMO_R_D2JAN(1.0),08/06/23 23:00:00,A,NR,T,TOTAL,ITF4,2022,3922941,
ESTAT:DEMO_R_D2JAN(1.0),08/06/23 23:00:00,A,NR,T,TOTAL,ITF5,2022,541168,
ESTAT:DEMO_R_D2JAN(1.0),08/06/23 23:00:00,A,NR,T,TOTAL,ITF6,2022,1855454,
ESTAT:DEMO_R_D2JAN(1.0),08/06/23 23:00:00,A,NR,T,TOTAL,ITG,2022,6420742,
ESTAT:DEMO_R_D2JAN(1.0),08/06/23 23:00:00,A,NR,T,TOTAL,ITG1,2022,4833329,
ESTAT:DEMO_R_D2JAN(1.0),08/06/23 23:00:00,A,NR,T,TOTAL,ITG2,2022,1587413,
ESTAT:DEMO_R_D2JAN(1.0),08/06/23 23:00:00,A,NR,T,TOTAL,ITH,2022,11541332,
ESTAT:DEMO_R_D2JAN(1.0),08/06/23 23:00:00,A,NR,T,TOTAL,ITH1,2022,532616,
ESTAT:DEMO_R_D2JAN(1.0),08/06/23 23:00:00,A,NR,T,TOTAL,ITH2,2022,540958,
ESTAT:DEMO_R_D2JAN(1.0),08/06/23 23:00:00,A,NR,T,TOTAL,ITH3,2022,4847745,
ESTAT:DEMO_R_D2JAN(1.0),08/06/23 23:00:00,A,NR,T,TOTAL,ITH4,2022,1194647,
ESTAT:DEMO_R_D2JAN(1.0),08/06/23 23:00:00,A,NR,T,TOTAL,ITH5,2022,4425366,
ESTAT:DEMO_R_D2JAN(1.0),08/06/23 23:00:00,A,NR,T,TOTAL,ITI,2022,11724035,
ESTAT:DEMO_R_D2JAN(1.0),08/06/23 23:00:00,A,NR,T,TOTAL,ITI1,2022,3663191,
ESTAT:DEMO_R_D2JAN(1.0),08/06/23 23:00:00,A,NR,T,TOTAL,ITI2,2022,858812,
ESTAT:DEMO_R_D2JAN(1.0),08/06/23 23:00:00,A,NR,T,TOTAL,ITI3,2022,1487150,
ESTAT:DEMO_R_D2JAN(1.0),08/06/23 23:00:00,A,NR,T,TOTAL,ITI4,2022,5714882,
ESTAT:DEMO_R_D2JAN(1.0),08/06/23 23:00:00,A,NR,T,TOTAL,LI,2022,39308,
ESTAT:DEMO_R_D2JAN(1.0),08/06/23 23:00:00,A,NR,T,TOTAL,LI0,2022,39308,
ESTAT:DEMO_R_D2JAN(1.0),08/06/23 23:00:00,A,NR,T,TOTAL,LI00,2022,39308,
ESTAT:DEMO_R_D2JAN(1.0),08/06/23 23:00:00,A,NR,T,TOTAL,LT,2022,2805998,
ESTAT:DEMO_R_D2JAN(1.0),08/06/23 23:00:00,A,NR,T,TOTAL,LT0,2022,2805998,
ESTAT:DEMO_R_D2JAN(1.0),08/06/23 23:00:00,A,NR,T,TOTAL,LT01,2022,817950,
ESTAT:DEMO_R_D2JAN(1.0),08/06/23 23:00:00,A,NR,T,TOTAL,LT02,2022,1988048,
ESTAT:DEMO_R_D2JAN(1.0),08/06/23 23:00:00,A,NR,T,TOTAL,LU,2022,645397,
ESTAT:DEMO_R_D2JAN(1.0),08/06/23 23:00:00,A,NR,T,TOTAL,LU0,2022,645397,
ESTAT:DEMO_R_D2JAN(1.0),08/06/23 23:00:00,A,NR,T,TOTAL,LU00,2022,645397,
ESTAT:DEMO_R_D2JAN(1.0),08/06/23 23:00:00,A,NR,T,TOTAL,LV,2022,1875757,
ESTAT:DEMO_R_D2JAN(1.0),08/06/23 23:00:00,A,NR,T,TOTAL,LV0,2022,1875757,
ESTAT:DEMO_R_D2JAN(1.0),08/06/23 23:00:00,A,NR,T,TOTAL,LV00,2022,1875757,
ESTAT:DEMO_R_D2JAN(1.0),08/06/23 23:00:00,A,NR,T,TOTAL,ME,2022,617683,
ESTAT:DEMO_R_D2JAN(1.0),08/06/23 23:00:00,A,NR,T,TOTAL,ME0,2022,617683,
ESTAT:DEMO_R_D2JAN(1.0),08/06/23 23:00:00,A,NR,T,TOTAL,ME00,2022,617683,
ESTAT:DEMO_R_D2JAN(1.0),08/06/23 23:00:00,A,NR,T,TOTAL,MK,2022,1837114,b
ESTAT:DEMO_R_D2JAN(1.0),08/06/23 23:00:00,A,NR,T,TOTAL,MK0,2022,1837114,b
ESTAT:DEMO_R_D2JAN(1.0),08/06/23 23:00:00,A,NR,T,TOTAL,MK00,2022,1837114,b
ESTAT:DEMO_R_D2JAN(1.0),08/06/23 23:00:00,A,NR,T,TOTAL,MT,2022,520971,p
ESTAT:DEMO_R_D2JAN(1.0),08/06/23 23:00:00,A,NR,T,TOTAL,MT0,2022,520971,p
ESTAT:DEMO_R_D2JAN(1.0),08/06/23 23:00:00,A,NR,T,TOTAL,MT00,2022,520971,p
ESTAT:DEMO_R_D2JAN(1.0),08/06/23 23:00:00,A,NR,T,TOTAL,NL,2022,17590672,
ESTAT:DEMO_R_D2JAN(1.0),08/06/23 23:00:00,A,NR,T,TOTAL,NL1,2022,1741932,
ESTAT:DEMO_R_D2JAN(1.0),08/06/23 23:00:00,A,NR,T,TOTAL,NL11,2022,590170,
ESTAT:DEMO_R_D2JAN(1.0),08/06/23 23:00:00,A,NR,T,TOTAL,NL12,2022,654019,
ESTAT:DEMO_R_D2JAN(1.0),08/06/23 23:00:00,A,NR,T,TOTAL,NL13,2022,497743,
ESTAT:DEMO_R_D2JAN(1.0),08/06/23 23:00:00,A,NR,T,TOTAL,NL2,2022,3717153,
ESTAT:DEMO_R_D2JAN(1.0),08/06/23 23:00:00,A,NR,T,TOTAL,NL21,2022,1171910,
ESTAT:DEMO_R_D2JAN(1.0),08/06/23 23:00:00,A,NR,T,TOTAL,NL22,2022,2110472,
ESTAT:DEMO_R_D2JAN(1.0),08/06/23 23:00:00,A,NR,T,TOTAL,NL23,2022,434771,
ESTAT:DEMO_R_D2JAN(1.0),08/06/23 23:00:00,A,NR,T,TOTAL,NL3,2022,8420411,
ESTAT:DEMO_R_D2JAN(1.0),08/06/23 23:00:00,A,NR,T,TOTAL,NL31,2022,1369873,
ESTAT:DEMO_R_D2JAN(1.0),08/06/23 23:00:00,A,NR,T,TOTAL,NL32,2022,2909827,
ESTAT:DEMO_R_D2JAN(1.0),08/06/23 23:00:00,A,NR,T,TOTAL,NL33,2022,3753944,
ESTAT:DEMO_R_D2JAN(1.0),08/06/23 23:00:00,A,NR,T,TOTAL,NL34,2022,386767,
ESTAT:DEMO_R_D2JAN(1.0),08/06/23 23:00:00,A,NR,T,TOTAL,NL4,2022,3711176,
ESTAT:DEMO_R_D2JAN(1.0),08/06/23 23:00:00,A,NR,T,TOTAL,NL41,2022,2592874,
ESTAT:DEMO_R_D2JAN(1.0),08/06/23 23:00:00,A,NR,T,TOTAL,NL42,2022,1118302,
ESTAT:DEMO_R_D2JAN(1.0),08/06/23 23:00:00,A,NR,T,TOTAL,NO,2022,5425270,
ESTAT:DEMO_R_D2JAN(1.0),08/06/23 23:00:00,A,NR,T,TOTAL,NO0,2022,5425270,
ESTAT:DEMO_R_D2JAN(1.0),08/06/23 23:00:00,A,NR,T,TOTAL,NO02,2022,371253,
ESTAT:DEMO_R_D2JAN(1.0),08/06/23 23:00:00,A,NR,T,TOTAL,NO06,2022,474131,
ESTAT:DEMO_R_D2JAN(1.0),08/06/23 23:00:00,A,NR,T,TOTAL,NO07,2022,481926,
ESTAT:DEMO_R_D2JAN(1.0),08/06/23 23:00:00,A,NR,T,TOTAL,NO08,2022,1969057,
ESTAT:DEMO_R_D2JAN(1.0),08/06/23 23:00:00,A,NR,T,TOTAL,NO09,2022,735966,
ESTAT:DEMO_R_D2JAN(1.0),08/06/23 23:00:00,A,NR,T,TOTAL,NO0A,2022,1392937,
ESTAT:DEMO_R_D2JAN(1.0),08/06/23 23:00:00,A,NR,T,TOTAL,NO0B,2022,0,
ESTAT:DEMO_R_D2JAN(1.0),08/06/23 23:00:00,A,NR,T,TOTAL,PL,2022,37654247,ep
ESTAT:DEMO_R_D2JAN(1.0),08/06/23 23:00:00,A,NR,T,TOTAL,PL2,2022,7782639,
ESTAT:DEMO_R_D2JAN(1.0),08/06/23 23:00:00,A,NR,T,TOTAL,PL21,2022,3368893,
ESTAT:DEMO_R_D2JAN(1.0),08/06/23 23:00:00,A,NR,T,TOTAL,PL22,2022,4413746,
ESTAT:DEMO_R_D2JAN(1.0),08/06/23 23:00:00,A,NR,T,TOTAL,PL4,2022,6113303,
ESTAT:DEMO_R_D2JAN(1.0),08/06/23 23:00:00,A,NR,T,TOTAL,PL41,2022,3471812,
ESTAT:DEMO_R_D2JAN(1.0),08/06/23 23:00:00,A,NR,T,TOTAL,PL42,2022,1652230,
ESTAT:DEMO_R_D2JAN(1.0),08/06/23 23:00:00,A,NR,T,TOTAL,PL43,2022,989261,
ESTAT:DEMO_R_D2JAN(1.0),08/06/23 23:00:00,A,NR,T,TOTAL,PL5,2022,3774014,
ESTAT:DEMO_R_D2JAN(1.0),08/06/23 23:00:00,A,NR,T,TOTAL,PL51,2022,2845944,
ESTAT:DEMO_R_D2JAN(1.0),08/06/23 23:00:00,A,NR,T,TOTAL,PL52,2022,928070,
ESTAT:DEMO_R_D2JAN(1.0),08/06/23 23:00:00,A,NR,T,TOTAL,PL6,2022,5726607,
ESTAT:DEMO_R_D2JAN(1.0),08/06/23 23:00:00,A,NR,T,TOTAL,PL61,2022,2027014,
ESTAT:DEMO_R_D2JAN(1.0),08/06/23 23:00:00,A,NR,T,TOTAL,PL62,2022,1380968,
ESTAT:DEMO_R_D2JAN(1.0),08/06/23 23:00:00,A,NR,T,TOTAL,PL63,2022,2318625,
ESTAT:DEMO_R_D2JAN(1.0),08/06/23 23:00:00,A,NR,T,TOTAL,PL7,2022,3601331,
ESTAT:DEMO_R_D2JAN(1.0),08/06/23 23:00:00,A,NR,T,TOTAL,PL71,2022,2404078,
ESTAT:DEMO_R_D2JAN(1.0),08/06/23 23:00:00,A,NR,T,TOTAL,PL72,2022,1197253,
ESTAT:DEMO_R_D2JAN(1.0),08/06/23 23:00:00,A,NR,T,TOTAL,PL8,2022,5258331,
ESTAT:DEMO_R_D2JAN(1.0),08/06/23 23:00:00,A,NR,T,TOTAL,PL81,2022,2055257,
ESTAT:DEMO_R_D2JAN(1.0),08/06/23 23:00:00,A,NR,T,TOTAL,PL82,2022,2067289,
ESTAT:DEMO_R_D2JAN(1.0),08/06/23 23:00:00,A,NR,T,TOTAL,PL84,2022,1135785,
ESTAT:DEMO_R_D2JAN(1.0),08/06/23 23:00:00,A,NR,T,TOTAL,PL9,2022,5398022,
ESTAT:DEMO_R_D2JAN(1.0),08/06/23 23:00:00,A,NR,T,TOTAL,PL91,2022,3108755,
ESTAT:DEMO_R_D2JAN(1.0),08/06/23 23:00:00,A,NR,T,TOTAL,PL92,2022,2289267,
ESTAT:DEMO_R_D2JAN(1.0),08/06/23 23:00:00,A,NR,T,TOTAL,PT,2022,10352042,bp
ESTAT:DEMO_R_D2JAN(1.0),08/06/23 23:00:00,A,NR,T,TOTAL,PT1,2022,9864372,bp
ESTAT:DEMO_R_D2JAN(1.0),08/06/23 23:00:00,A,NR,T,TOTAL,PT11,2022,3587882,bp
ESTAT:DEMO_R_D2JAN(1.0),08/06/23 23:00:00,A,NR,T,TOTAL,PT15,2022,465701,bp
ESTAT:DEMO_R_D2JAN(1.0),08/06/23 23:00:00,A,NR,T,TOTAL,PT16,2022,2235752,bp
ESTAT:DEMO_R_D2JAN(1.0),08/06/23 23:00:00,A,NR,T,TOTAL,PT17,2022,2869627,bp
ESTAT:DEMO_R_D2JAN(1.0),08/06/23 23:00:00,A,NR,T,TOTAL,PT18,2022,705410,bp
ESTAT:DEMO_R_D2JAN(1.0),08/06/23 23:00:00,A,NR,T,TOTAL,PT2,2022,236488,bp
ESTAT:DEMO_R_D2JAN(1.0),08/06/23 23:00:00,A,NR,T,TOTAL,PT20,2022,236488,bp
ESTAT:DEMO_R_D2JAN(1.0),08/06/23 23:00:00,A,NR,T,TOTAL,PT3,2022,251182,bp
ESTAT:DEMO_R_D2JAN(1.0),08/06/23 23:00:00,A,NR,T,TOTAL,PT30,2022,251182,bp
ESTAT:DEMO_R_D2JAN(1.0),08/06/23 23:00:00,A,NR,T,TOTAL,RO,2022,19042455,e
ESTAT:DEMO_R_D2JAN(1.0),08/06/23 23:00:00,A,NR,T,TOTAL,RO1,2022,4796893,e
ESTAT:DEMO_R_D2JAN(1.0),08/06/23 23:00:00,A,NR,T,TOTAL,RO11,2022,2523549,e
ESTAT:DEMO_R_D2JAN(1.0),08/06/23 23:00:00,A,NR,T,TOTAL,RO12,2022,2273344,e
ESTAT:DEMO_R_D2JAN(1.0),08/06/23 23:00:00,A,NR,T,TOTAL,RO2,2022,5583443,e
ESTAT:DEMO_R_D2JAN(1.0),08/06/23 23:00:00,A,NR,T,TOTAL,RO21,2022,3221819,e
ESTAT:DEMO_R_D2JAN(1.0),08/06/23 23:00:00,A,NR,T,TOTAL,RO22,2022,2361624,e
ESTAT:DEMO_R_D2JAN(1.0),08/06/23 23:00:00,A,NR,T,TOTAL,RO3,2022,5123077,e
ESTAT:DEMO_R_D2JAN(1.0),08/06/23 23:00:00,A,NR,T,TOTAL,RO31,2022,2854809,e
ESTAT:DEMO_R_D2JAN(1.0),08/06/23 23:00:00,A,NR,T,TOTAL,RO32,2022,2268268,e
ESTAT:DEMO_R_D2JAN(1.0),08/06/23 23:00:00,A,NR,T,TOTAL,RO4,2022,3539042,e
ESTAT:DEMO_R_D2JAN(1.0),08/06/23 23:00:00,A,NR,T,TOTAL,RO41,2022,1869563,e
ESTAT:DEMO_R_D2JAN(1.0),08/06/23 23:00:00,A,NR,T,TOTAL,RO42,2022,1669479,e
ESTAT:DEMO_R_D2JAN(1.0),08/06/23 23:00:00,A,NR,T,TOTAL,RS,2022,6797105,
ESTAT:DEMO_R_D2JAN(1.0),08/06/23 23:00:00,A,NR,T,TOTAL,RS1,2022,3502101,
ESTAT:DEMO_R_D2JAN(1.0),08/06/23 23:00:00,A,NR,T,TOTAL,RS11,2022,1684567,
ESTAT:DEMO_R_D2JAN(1.0),08/06/23 23:00:00,A,NR,T,TOTAL,RS12,2022,1817534,
ESTAT:DEMO_R_D2JAN(1.0),08/06/23 23:00:00,A,NR,T,TOTAL,RS2,2022,3295004,
ESTAT:DEMO_R_D2JAN(1.0),08/06/23 23:00:00,A,NR,T,TOTAL,RS21,2022,1854641,
ESTAT:DEMO_R_D2JAN(1.0),08/06/23 23:00:00,A,NR,T,TOTAL,RS22,2022,1440363,
ESTAT:DEMO_R_D2JAN(1.0),08/06/23 23:00:00,A,NR,T,TOTAL,SE,2022,10452326,
ESTAT:DEMO_R_D2JAN(1.0),08/06/23 23:00:00,A,NR,T,TOTAL,SE1,2022,4167429,
ESTAT:DEMO_R_D2JAN(1.0),08/06/23 23:00:00,A,NR,T,TOTAL,SE11,2022,2415139,
ESTAT:DEMO_R_D2JAN(1.0),08/06/23 23:00:00,A,NR,T,TOTAL,SE12,2022,1752290,
ESTAT:DEMO_R_D2JAN(1.0),08/06/23 23:00:00,A,NR,T,TOTAL,SE2,2022,4525044,
ESTAT:DEMO_R_D2JAN(1.0),08/06/23 23:00:00,A,NR,T,TOTAL,SE21,2022,878580,
ESTAT:DEMO_R_D2JAN(1.0),08/06/23 23:00:00,A,NR,T,TOTAL,SE22,2022,1561362,
ESTAT:DEMO_R_D2JAN(1.0),08/06/23 23:00:00,A,NR,T,TOTAL,SE23,2022,2085102,
ESTAT:DEMO_R_D2JAN(1.0),08/06/23 23:00:00,A,NR,T,TOTAL,SE3,2022,1759853,
ESTAT:DEMO_R_D2JAN(1.0),08/06/23 23:00:00,A,NR,T,TOTAL,SE31,2022,859350,
ESTAT:DEMO_R_D2JAN(1.0),08/06/23 23:00:00,A,NR,T,TOTAL,SE32,2022,376247,
ESTAT:DEMO_R_D2JAN(1.0),08/06/23 23:00:00,A,NR,T,TOTAL,SE33,2022,524256,
ESTAT:DEMO_R_D2JAN(1.0),08/06/23 23:00:00,A,NR,T,TOTAL,SI,2022,2107180,
ESTAT:DEMO_R_D2JAN(1.0),08/06/23 23:00:00,A,NR,T,TOTAL,SI0,2022,2107180,
ESTAT:DEMO_R_D2JAN(1.0),08/06/23 23:00:00,A,NR,T,TOTAL,SI03,2022,1103787,
ESTAT:DEMO_R_D2JAN(1.0),08/06/23 23:00:00,A,NR,T,TOTAL,SI04,2022,1003393,
ESTAT:DEMO_R_D2JAN(1.0),08/06/23 23:00:00,A,NR,T,TOTAL,SK,2022,5434712,
ESTAT:DEMO_R_D2JAN(1.0),08/06/23 23:00:00,A,NR,T,TOTAL,SK0,2022,5434712,
ESTAT:DEMO_R_D2JAN(1.0),08/06/23 23:00:00,A,NR,T,TOTAL,SK01,2022,723714,
ESTAT:DEMO_R_D2JAN(1.0),08/06/23 23:00:00,A,NR,T,TOTAL,SK02,2022,1812542,
ESTAT:DEMO_R_D2JAN(1.0),08/06/23 23:00:00,A,NR,T,TOTAL,SK03,2022,1310511,
ESTAT:DEMO_R_D2JAN(1.0),08/06/23 23:00:00,A,NR,T,TOTAL,SK04,2022,1587945,
